Variable,Coefficient,Std Error,T-statistic,P-value,Significant
US (vs Europe),3.2066600758870525,1.3818201668551722,2.320605931801501,0.05939967056443751,ns
Post-2017 (vs Pre),1.686310061047283,1.128251441694228,1.4946225626045304,0.1856357001575768,ns
DiD Effect (US × Post),1.004536586264094,2.1107651704767787,0.4759111057518491,0.6509709186056993,ns
