Variable,Coefficient,Std Error,T-statistic,P-value,Significant
Baseline trend (2015-2016),3.2059755367660583,1.0959871035085214,2.925194581672495,0.03281521952092348,*
Level change at #MeToo (2017),-3.5068931217031385,2.409510468976796,-1.4554380098594668,0.20531262009201523,ns
Slope change during #MeToo (2017-2019),-2.365160994632727,1.342304584133388,-1.762015136199293,0.13836362997691087,ns
Level change at backlash (2020),0.2205940415986043,1.8525563273156118,0.11907548415450833,0.9098517960641661,ns
Slope change post-2020,-0.8456458061456309,0.8180667237127037,-1.0337125097910873,0.34865424992412275,ns
